Clip,FilterID,fc,N,Window,E_0_150,E_0_200,E_0_250,E_250_1000,E_1000plus,Retention,Leakage
clip1_bass_drum,fc150_N1000_blackman,150,1000,blackman,0.0141385638715452,0.0149688984779989,0.0149723041518605,6.05391215686135e-07,1.56071239781664e-07,0.625369552393368,0.0936232141795233
clip1_bass_drum,fc150_N1000_hamming,150,1000,hamming,0.0155071793159147,0.016277460673625,0.0162784654807828,6.52311375762241e-07,1.70439690891531e-07,0.685905433945423,0.0848520710954247
clip1_bass_drum,fc150_N1000_hann,150,1000,hann,0.0153739561028298,0.0161703220943428,0.0161716117949813,6.56274654446317e-07,1.69126629416603e-07,0.680012774557079,0.0882799306469992
clip1_bass_drum,fc150_N1000_rectwin,150,1000,rectwin,0.0171647457626482,0.0177170598833818,0.017718675276119,1.60298010930817e-06,1.87586741689811e-07,0.759222044902083,0.0573163721737632
clip1_bass_drum,fc150_N100_blackman,150,100,blackman,0.0214313026195569,0.0255817208482431,0.0261192250956888,0.00131209155746704,3.64017324274775e-07,0.947938153278246,0.761942512078455
clip1_bass_drum,fc150_N100_hamming,150,100,hamming,0.0207899848019371,0.0246837973943843,0.0251581205783016,0.00101311038350884,2.64582209187622e-07,0.919571719445888,0.679049767927295
clip1_bass_drum,fc150_N100_hann,150,100,hann,0.0211117963103168,0.0251330995318892,0.0256381176007715,0.00114589520129773,2.80666269164799e-07,0.933805917542588,0.717900908945039
clip1_bass_drum,fc150_N100_rectwin,150,100,rectwin,0.0189578897453735,0.0221439867826818,0.022457474557383,0.000439286297827819,7.64761335907738e-07,0.838535450424877,0.487968215025848
clip1_bass_drum,fc150_N2000_blackman,150,2000,blackman,0.0175987184973399,0.0182823561497424,0.0182827922567841,7.37253949185124e-07,1.92043591832068e-07,0.778417299618956,0.07199148246536
clip1_bass_drum,fc150_N2000_hamming,150,2000,hamming,0.0188142184742659,0.0194550074949768,0.0194554677686942,7.88583718854939e-07,2.04171638045396e-07,0.832180658006026,0.0655074260527715
clip1_bass_drum,fc150_N2000_hann,150,2000,hann,0.0184900027087152,0.0191400324547177,0.0191404880568387,7.74281081348083e-07,2.01019954666894e-07,0.817840116065313,0.0670256159591326
clip1_bass_drum,fc150_N2000_rectwin,150,2000,rectwin,0.0230387162519751,0.0236328023294436,0.0236338601459722,1.26905443119999e-06,2.45691438565637e-07,1.01903643121859,0.0562488842976501
clip1_bass_drum,fc150_N200_blackman,150,200,blackman,0.0186162048008365,0.0216936261311653,0.0219927024241829,0.000433261213700658,2.25681803194897e-07,0.823422220908356,0.47176159338252
clip1_bass_drum,fc150_N200_hamming,150,200,hamming,0.0169288080741471,0.0194260801232977,0.0196229449031647,0.000206220993348338,2.01309238505829e-07,0.748786172631661,0.354132441071212
clip1_bass_drum,fc150_N200_hann,150,200,hann,0.0176757284590384,0.0204192033474828,0.0206552279165471,0.000276816409555613,2.11260927241952e-07,0.781823563912471,0.399733617492087
clip1_bass_drum,fc150_N200_rectwin,150,200,rectwin,0.0125604779797481,0.0137430894944509,0.013773294910854,1.200653754622e-05,2.05923003247468e-07,0.555568483716399,0.1434399043698
clip1_bass_drum,fc150_N500_blackman,150,500,blackman,0.0123158661899095,0.0134658459938793,0.013502289495974,1.03195625290964e-05,1.38960151285732e-07,0.544748943138492,0.140451199326022
clip1_bass_drum,fc150_N500_hamming,150,500,hamming,0.0120053579811504,0.0129504906278131,0.0129669600974,1.91085797876854e-06,1.34140849753547e-07,0.531014706670746,0.111369037061615
clip1_bass_drum,fc150_N500_hann,150,500,hann,0.0116269865711921,0.0125794972836148,0.0125998331057766,2.69395899917679e-06,1.30096412295019e-07,0.514278780629467,0.113304110965259
clip1_bass_drum,fc150_N500_rectwin,150,500,rectwin,0.0167863010598636,0.0176743530920296,0.0176796982159978,7.68996861302951e-06,1.96541445679509e-07,0.742482877010895,0.0998282563835346
clip1_bass_drum,fc150_N50_blackman,150,50,blackman,0.02230106782137,0.0268095001134999,0.0274408447657061,0.00191366409483051,1.15527802067175e-05,0.986409152163775,0.906006143596005
clip1_bass_drum,fc150_N50_hamming,150,50,hamming,0.0221192780770642,0.0265518546098671,0.0271627193452244,0.0017572773758331,4.229078821042e-06,0.978368323402163,0.870619270892792
clip1_bass_drum,fc150_N50_hann,150,50,hann,0.0222146630539951,0.0266869434661104,0.027308469775049,0.00183526876353668,6.5729222825365e-06,0.982587341745914,0.88837858353398
clip1_bass_drum,fc150_N50_rectwin,150,50,rectwin,0.0215817247460278,0.0257919989708172,0.0263440241280753,0.00137056704813706,2.47764310742251e-06,0.954591545995913,0.779953227279977
clip1_bass_drum,fc200_N1000_blackman,200,1000,blackman,0.0209424017290647,0.0239283310728672,0.023999006139764,5.50478470628398e-06,2.44216171050089e-07,0.87822925102445,0.0222570230047159
clip1_bass_drum,fc200_N1000_hamming,200,1000,hamming,0.0222169952396867,0.0256741287462288,0.0257324511201291,1.82017005821793e-06,2.61082640540886e-07,0.942304366771033,0.0169734074928324
clip1_bass_drum,fc200_N1000_hann,200,1000,hann,0.0219609138831764,0.0252778960297832,0.0253391206360095,2.19736446705643e-06,2.57339419772934e-07,0.927761640797556,0.018063484611387
clip1_bass_drum,fc200_N1000_rectwin,200,1000,rectwin,0.0255181836246853,0.0308940867581064,0.0309348166829509,5.18894464896096e-06,3.1156712285929e-07,1.13388980585536,0.0121666847624226
clip1_bass_drum,fc200_N100_blackman,200,100,blackman,0.021455208511172,0.0256153275152884,0.0261552952352521,0.00132527295305529,3.84360486548621e-07,0.940146215379246,0.598720804143973
clip1_bass_drum,fc200_N100_hamming,200,100,hamming,0.0208446515257954,0.0247601608781781,0.0252397301264831,0.0010362516236232,2.65270739267577e-07,0.90875947332342,0.48601630761321
clip1_bass_drum,fc200_N100_hann,200,100,hann,0.0211456449394859,0.0251805599354239,0.0256889655304783,0.00116236467424234,2.77432488512046e-07,0.924189164096758,0.535975749511939
clip1_bass_drum,fc200_N100_rectwin,200,100,rectwin,0.0190830427146746,0.0223162849119342,0.0226398477784353,0.000467589268057286,6.62906431592091e-07,0.819063148373088,0.252600915651192
clip1_bass_drum,fc200_N2000_blackman,200,2000,blackman,0.0225734578151187,0.0266412034896786,0.0266832451389363,1.13882968715469e-06,2.69645307107952e-07,0.977798414602379,0.011420157666444
clip1_bass_drum,fc200_N2000_hamming,200,2000,hamming,0.0226712530882622,0.0269772184617967,0.0270136613820466,1.15262834643857e-06,2.72476584176541e-07,0.990130999620432,0.00955950664999019
clip1_bass_drum,fc200_N2000_hann,200,2000,hann,0.0226075477207493,0.0268982448738173,0.0269358530971937,1.15182578884275e-06,2.71829706250266e-07,0.987232472564339,0.00996025812731622
clip1_bass_drum,fc200_N2000_rectwin,200,2000,rectwin,0.0234315251213952,0.0279509782160752,0.0279823518292755,2.04870489167485e-06,2.81146810292804e-07,1.02587040397227,0.00789963867914015
clip1_bass_drum,fc200_N200_blackman,200,200,blackman,0.0189248649064194,0.0221138680830756,0.0224349044393107,0.00049278743280372,2.30537212750868e-07,0.81163394742038,0.259851489309857
clip1_bass_drum,fc200_N200_hamming,200,200,hamming,0.0175724939802239,0.0202859017714146,0.0205187855865703,0.000278007946441307,2.10062030702593e-07,0.744543038326085,0.162437466673461
clip1_bass_drum,fc200_N200_hann,200,200,hann,0.0181057106098525,0.020999542849363,0.0212629471390977,0.00033968301353854,2.17695910593626e-07,0.77073544044048,0.192040566619151
clip1_bass_drum,fc200_N200_rectwin,200,200,rectwin,0.0140259642005169,0.0156145194228347,0.0156839376975609,2.4699172589183e-05,1.74237348731756e-07,0.573091690183625,0.0290244841794536
clip1_bass_drum,fc200_N500_blackman,200,500,blackman,0.016344923803826,0.0184731673576455,0.0185837053199907,5.40108871112829e-05,1.89697477015662e-07,0.67801117776035,0.0511878641720897
clip1_bass_drum,fc200_N500_hamming,200,500,hamming,0.0179420896063458,0.0202604726813737,0.0203539827098154,2.65941212505972e-05,2.07752495067902e-07,0.743609727489116,0.0367418372078638
clip1_bass_drum,fc200_N500_hann,200,500,hann,0.0170993100125391,0.0192998306728862,0.0193959544143106,3.13295677630857e-05,1.97972877737225e-07,0.708351777026653,0.0391817756106315
clip1_bass_drum,fc200_N500_rectwin,200,500,rectwin,0.0307411380403802,0.0348547270218306,0.0349226596549478,7.21879526793154e-06,3.57967881149806e-07,1.27925515213862,0.0215631365681309
clip1_bass_drum,fc200_N50_blackman,200,50,blackman,0.0223026495352559,0.0268117442856839,0.0274432692511268,0.00191513087965993,1.16664702164882e-05,0.98405768588581,0.822135267284687
clip1_bass_drum,fc200_N50_hamming,200,50,hamming,0.0221230779311513,0.026557236534389,0.0271685263312416,0.00176040291635187,4.33031798409334e-06,0.974716618549398,0.763331426244706
clip1_bass_drum,fc200_N50_hann,200,50,hann,0.0222169140941437,0.0266901351385428,0.0273119161903394,0.00183725550950767,6.67019951891715e-06,0.979594327790078,0.792259584039874
clip1_bass_drum,fc200_N50_rectwin,200,50,rectwin,0.0215906242020199,0.0258045553232944,0.0263575345928499,0.00137616122646262,2.36148480556595e-06,0.947091346470588,0.619959409110439
clip1_bass_drum,fc250_N1000_blackman,250,1000,blackman,0.0225632445142098,0.0269804302797706,0.0273182547227598,0.000113063646715955,2.74606070755705e-07,0.978690971497063,0.0463906373841934
clip1_bass_drum,fc250_N1000_hamming,250,1000,hamming,0.0225326469086606,0.027120679054556,0.0275029954413475,9.06786788401444e-05,2.75901661743964e-07,0.985309405770575,0.0372287775026136
clip1_bass_drum,fc250_N1000_hann,250,1000,hann,0.0226783668169005,0.0273098514005778,0.027681353739628,9.6581692418068e-05,2.77700934059446e-07,0.991699186449838,0.0396456773876515
clip1_bass_drum,fc250_N1000_rectwin,250,1000,rectwin,0.0209572720047524,0.0250878481718084,0.0256020380578412,5.4187303407485e-05,2.58030456593625e-07,0.917206598789706,0.0222851680728399
clip1_bass_drum,fc250_N100_blackman,250,100,blackman,0.0214856171320562,0.0256580846997672,0.0262011933796668,0.00134221129746954,4.14088493522045e-07,0.938671656127598,0.549551176341338
clip1_bass_drum,fc250_N100_hamming,250,100,hamming,0.0209141146363633,0.0248572390522171,0.0253435102335956,0.00106622700769644,2.66980147580379e-07,0.907944702301892,0.436526815816825
clip1_bass_drum,fc250_N100_hann,250,100,hann,0.0211888581939849,0.0252411683520981,0.0257539128328586,0.0011836775380995,2.75488285109694e-07,0.922647593194955,0.484603975883944
clip1_bass_drum,fc250_N100_rectwin,250,100,rectwin,0.019248048224014,0.022543707337236,0.0228807491152234,0.000507119574180195,5.50407893146152e-07,0.819714978406069,0.207794558292999
clip1_bass_drum,fc250_N2000_blackman,250,2000,blackman,0.0226071417103962,0.0272434164129665,0.0277114425857438,6.30079827760818e-05,2.77530961531216e-07,0.992777135328165,0.0259035530556669
clip1_bass_drum,fc250_N2000_hamming,250,2000,hamming,0.0226355119254932,0.0272736147886526,0.0277889291831115,4.99000533335076e-05,2.78043096245288e-07,0.995553133796056,0.0205385565290639
clip1_bass_drum,fc250_N2000_hann,250,2000,hann,0.0226045429158947,0.0272453287412913,0.0277512698281901,5.34310616175256e-05,2.77750524426844e-07,0.99420396742258,0.021983713565573
clip1_bass_drum,fc250_N2000_rectwin,250,2000,rectwin,0.0229972164064512,0.0276055044441276,0.028243262795597,2.65972982600409e-05,2.8249572778753e-07,1.0118298765492,0.0110023325041852
clip1_bass_drum,fc250_N200_blackman,250,200,blackman,0.0193060735111004,0.022634471084253,0.0229836531443475,0.000573169603211931,2.36631730741159e-07,0.823401569854038,0.234701036676804
clip1_bass_drum,fc250_N200_hamming,250,200,hamming,0.0183647112142196,0.0213509563998324,0.021631997503901,0.00038424295659831,2.21703041394596e-07,0.774977789297665,0.157365353703655
clip1_bass_drum,fc250_N200_hann,250,200,hann,0.0186449671717741,0.0217304670499511,0.022030118823331,0.000429562796363581,2.2600402884005e-07,0.789240696823818,0.17591698007028
clip1_bass_drum,fc250_N200_rectwin,250,200,rectwin,0.0161777267862906,0.0184162234987867,0.0185681163242333,0.000116616340451736,1.93046443066232e-07,0.665212620229879,0.0478113747453453
clip1_bass_drum,fc250_N500_blackman,250,500,blackman,0.0199224732378068,0.0231830742348362,0.0234335152654768,0.000194981773683289,2.38054293713048e-07,0.839518119056612,0.0799055630552667
clip1_bass_drum,fc250_N500_hamming,250,500,hamming,0.0215546221827585,0.0252997720052915,0.0255755834245202,0.00016128970731984,2.58787831492911e-07,0.916258847513195,0.0661235623027357
clip1_bass_drum,fc250_N500_hann,250,500,hann,0.0214772268786953,0.0251174862820608,0.025384489735211,0.000170913974561043,2.57136110815456e-07,0.909412814692469,0.0700621938515992
clip1_bass_drum,fc250_N500_rectwin,250,500,rectwin,0.02251158772423,0.0275517202813651,0.0279381609156203,9.70236532315246e-05,2.89356783225393e-07,1.00089943980094,0.0398313815895666
clip1_bass_drum,fc250_N50_blackman,250,50,blackman,0.0223046776117683,0.0268146218062771,0.0274463780034485,0.00191701344798668,1.18136380631287e-05,0.983281056014581,0.789522641075081
clip1_bass_drum,fc250_N50_hamming,250,50,hamming,0.0221279478463124,0.0265641342536729,0.02717596899554,0.00176441712667983,4.46272907195576e-06,0.973593509817459,0.724037140056307
clip1_bass_drum,fc250_N50_hann,250,50,hann,0.0222198029603957,0.0266942312375176,0.0273163392777845,0.00183980859117188,6.79683877692621e-06,0.978622349664417,0.755857882329093
clip1_bass_drum,fc250_N50_rectwin,250,50,rectwin,0.0216021336056481,0.0258207951897948,0.0263750093277925,0.00138343282176323,2.21732954490488e-06,0.944898704702229,0.567160729327487
clip2_bass_guitar,fc150_N1000_blackman,150,1000,blackman,0.00453422866634012,0.00550552357710224,0.00550661229712626,2.39954075913868e-07,5.60970818499379e-08,0.644385440400799,0.0697421796736431
clip2_bass_guitar,fc150_N1000_hamming,150,1000,hamming,0.00506382072501511,0.0058393781844532,0.00583975417713119,2.38347792380563e-07,5.86048115590979e-08,0.719648828525753,0.0554126172989057
clip2_bass_guitar,fc150_N1000_hann,150,1000,hann,0.00499832017500546,0.00583710448712029,0.00583759104168877,2.43897206208328e-07,5.87728488569354e-08,0.710340166817138,0.0600170215055498
clip2_bass_guitar,fc150_N1000_rectwin,150,1000,rectwin,0.00581704298145917,0.00613083806701826,0.00613189704269648,8.18054057284103e-07,6.03399903793099e-08,0.826693596479672,0.0220226740021152
clip2_bass_guitar,fc150_N100_blackman,150,100,blackman,0.00667534693731246,0.0142180972161713,0.0146616889857433,0.00257531576560547,3.87530687358926e-07,0.948672132034364,0.770013968092426
clip2_bass_guitar,fc150_N100_hamming,150,100,hamming,0.00647794797340496,0.0134960607708528,0.0138803979947861,0.00193699610010174,1.9300255259562e-07,0.920618624447402,0.680486460360168
clip2_bass_guitar,fc150_N100_hann,150,100,hann,0.00657709088184323,0.0138551499340597,0.0142680872423629,0.00222422723136876,2.62459702208383e-07,0.934708396141288,0.72265630031523
clip2_bass_guitar,fc150_N100_rectwin,150,100,rectwin,0.00591224390770762,0.01149744881026,0.0117344651586109,0.000689079380856802,1.80624728955202e-06,0.840223150302703,0.473559319598393
clip2_bass_guitar,fc150_N2000_blackman,150,2000,blackman,0.00569620679631163,0.0061707376878524,0.00617089012313042,2.39008026154781e-07,6.07066121409367e-08,0.809520867860871,0.0334408359560705
clip2_bass_guitar,fc150_N2000_hamming,150,2000,hamming,0.00599882354415098,0.00633231965035128,0.00633246696226351,2.43848238919744e-07,6.19027853055558e-08,0.852527482806587,0.0231712462710075
clip2_bass_guitar,fc150_N2000_hann,150,2000,hann,0.00591682480255613,0.00628503432759602,0.00628518252485562,2.40336978165417e-07,6.14323063259381e-08,0.840874167743949,0.0256992552262198
clip2_bass_guitar,fc150_N2000_rectwin,150,2000,rectwin,0.00707655744653484,0.00719335496765505,0.00719389586268132,7.27383386268208e-07,7.17156858555521e-08,1.00569047621227,0.00748679565911583
clip2_bass_guitar,fc150_N200_blackman,150,200,blackman,0.00580497798921115,0.011182624325464,0.0114088876327517,0.000713641262013803,1.39700043401854e-07,0.824978970704205,0.459335925868169
clip2_bass_guitar,fc150_N200_hamming,150,200,hamming,0.00527840495767094,0.00951892444868241,0.00965827631502332,0.000286074735097509,1.126405762137e-07,0.750144633973211,0.338659703938188
clip2_bass_guitar,fc150_N200_hann,150,200,hann,0.00551235440818162,0.0102295161956437,0.0104010735352071,0.000406569494756183,1.22156593948439e-07,0.783392542447252,0.384598576267828
clip2_bass_guitar,fc150_N200_rectwin,150,200,rectwin,0.00389929239677543,0.00566328596037218,0.00567588150191144,3.58777453514947e-05,2.00931390487788e-07,0.554150977651453,0.130834078313709
clip2_bass_guitar,fc150_N500_blackman,150,500,blackman,0.00381847847714238,0.00554529395890644,0.00556406178657186,6.77996932746052e-06,5.89529990678445e-08,0.542666044485237,0.126529308169812
clip2_bass_guitar,fc150_N500_hamming,150,500,hamming,0.00373759410154551,0.00506185074515413,0.00506851896642625,9.57569352288674e-07,5.30331578834256e-08,0.531171098414817,0.0959624145583054
clip2_bass_guitar,fc150_N500_hann,150,500,hann,0.00360123813730035,0.00496937386390794,0.00497812014649933,1.43139212048799e-06,5.21027257434518e-08,0.511792764295132,0.0993761464632801
clip2_bass_guitar,fc150_N500_rectwin,150,500,rectwin,0.00547633292942948,0.00639200293786678,0.0063986438006788,1.29308124880219e-05,8.81085897958648e-08,0.778273321923174,0.0668955093568883
clip2_bass_guitar,fc150_N50_blackman,150,50,blackman,0.00694237553923344,0.0152227608434649,0.015755942118836,0.00377870593407523,3.71130497034965e-05,0.986621109889367,0.921492318256286
clip2_bass_guitar,fc150_N50_hamming,150,50,hamming,0.00688663351117559,0.0150101543225268,0.0155236211257255,0.00347871284644766,1.24127863399302e-05,0.978699288132662,0.88474976476504
clip2_bass_guitar,fc150_N50_hann,150,50,hann,0.00691588796175378,0.0151214591019346,0.0156451732188529,0.00362991807015613,2.03788364171985e-05,0.982856807174313,0.903179945766229
clip2_bass_guitar,fc150_N50_rectwin,150,50,rectwin,0.00672166975028819,0.0143865996975967,0.0148437432263644,0.00270775808782578,6.45711680750163e-06,0.955255334699364,0.7900971158325
clip2_bass_guitar,fc200_N1000_blackman,200,1000,blackman,0.00658973897500805,0.0112289339208921,0.0112562780564594,2.89111422180681e-06,1.18708297554251e-07,0.720495771645648,0.00545385973323872
clip2_bass_guitar,fc200_N1000_hamming,200,1000,hamming,0.0069381580702734,0.0123058051122349,0.0123244296530611,1.09925642891904e-06,1.2975583011279e-07,0.789592370257374,0.00327067670425456
clip2_bass_guitar,fc200_N1000_hann,200,1000,hann,0.00688152893347323,0.0120122027094138,0.0120324736906161,1.28272046454426e-06,1.26689124097708e-07,0.770753601477734,0.00365514745028072
clip2_bass_guitar,fc200_N1000_rectwin,200,1000,rectwin,0.00767392152552077,0.0163181197538666,0.0163344748431622,3.05399772328048e-06,1.74155855190446e-07,1.04703940433681,0.0031344977420539
clip2_bass_guitar,fc200_N100_blackman,200,100,blackman,0.00668269583316649,0.0142453556829656,0.0146912781976473,0.00260288571432899,4.34298125146638e-07,0.914042117219052,0.592943498717138
clip2_bass_guitar,fc200_N100_hamming,200,100,hamming,0.00649478680246001,0.0135571605945584,0.0139463920983709,0.0019868837028135,1.94818935277095e-07,0.869884617071851,0.462504591501083
clip2_bass_guitar,fc200_N100_hann,200,100,hann,0.00658750476173108,0.013893431195582,0.0143095549534753,0.00225939053644512,2.49572826784916e-07,0.891461157451654,0.520571506525105
clip2_bass_guitar,fc200_N100_rectwin,200,100,rectwin,0.0059509731091562,0.0116309504218097,0.0118770176719174,0.000750289879665028,1.5083407005116e-06,0.746290846323576,0.194947883714472
clip2_bass_guitar,fc200_N2000_blackman,200,2000,blackman,0.00703032512076765,0.013676772185302,0.0136896150450691,7.22836135171879e-07,1.44371287125088e-07,0.877559401337007,0.0019903756233228
clip2_bass_guitar,fc200_N2000_hamming,200,2000,hamming,0.00705095193050811,0.0143940005046425,0.0144060658836191,7.64388435778762e-07,1.52258129881423e-07,0.923579796062805,0.00182235617134066
clip2_bass_guitar,fc200_N2000_hann,200,2000,hann,0.00703539306541652,0.0142597547382817,0.0142719576836395,7.55356494603189e-07,1.50748260778125e-07,0.914966021353139,0.00185690705538192
clip2_bass_guitar,fc200_N2000_rectwin,200,2000,rectwin,0.00723539879622213,0.0161146522490598,0.0161273908730721,2.08421996236182e-06,1.72897159073618e-07,1.03398407086407,0.00210933339088181
clip2_bass_guitar,fc200_N200_blackman,200,200,blackman,0.00590086217464237,0.0115003272471528,0.0117458887965551,0.000833860145833434,1.45895068932216e-07,0.737909512380187,0.210699035051295
clip2_bass_guitar,fc200_N200_hamming,200,200,hamming,0.00547969677218496,0.0101409606571784,0.0103104045139528,0.000415082001471678,1.21530468283673e-07,0.65068681723451,0.114337145369425
clip2_bass_guitar,fc200_N200_hann,200,200,hann,0.00564632267455049,0.0106595551581912,0.0108545990983268,0.000526437059350143,1.29608482184651e-07,0.683962028203847,0.14105507744769
clip2_bass_guitar,fc200_N200_rectwin,200,200,rectwin,0.00436505949513118,0.00687309704948208,0.00691196024405935,1.58404611539558e-05,1.09176752847064e-07,0.441006902093213,0.0106709618004626
clip2_bass_guitar,fc200_N500_blackman,200,500,blackman,0.00511401949828003,0.0085649485241826,0.00863112597202982,4.5574070337135e-05,9.35157073154099e-08,0.549563230090318,0.0218778088586491
clip2_bass_guitar,fc200_N500_hamming,200,500,hamming,0.00565011278432944,0.00932905992921567,0.00937853953422402,1.6388297669488e-05,9.99507074053112e-08,0.598591841378896,0.0127505550762696
clip2_bass_guitar,fc200_N500_hann,200,500,hann,0.00536889690278943,0.00888513432000737,0.00893786845474554,2.00578693487324e-05,9.55232435952893e-08,0.570107701511913,0.0141566766782288
clip2_bass_guitar,fc200_N500_rectwin,200,500,rectwin,0.00991653619385401,0.0160266037062318,0.0160479250967803,1.16413111828383e-05,1.70481868454137e-07,1.02833450490758,0.00576790382558615
clip2_bass_guitar,fc200_N50_blackman,200,50,blackman,0.00694286037283936,0.0152246169676996,0.015757972215152,0.00378147779959831,3.74781321725263e-05,0.976875652437774,0.845319801003799
clip2_bass_guitar,fc200_N50_hamming,200,50,hamming,0.00688779889133141,0.0150145893622702,0.0155284647790881,0.00348476456720561,1.27597593203658e-05,0.963399395234123,0.779310287302679
clip2_bass_guitar,fc200_N50_hann,200,50,hann,0.00691657810433045,0.0151240951527963,0.0156480547050528,0.00363370973964071,2.07214073741662e-05,0.970425748724193,0.811646296375397
clip2_bass_guitar,fc200_N50_rectwin,200,50,rectwin,0.00672440237527058,0.0143968630713511,0.014854916145604,0.00271927482873992,6.08859106835721e-06,0.923763470419083,0.618959825706819
clip2_bass_guitar,fc250_N1000_blackman,250,1000,blackman,0.00702514195751105,0.0149225790291819,0.0151198624926616,6.65168677494486e-05,1.63920778609666e-07,0.936060927937325,0.0145403031201614
clip2_bass_guitar,fc250_N1000_hamming,250,1000,hamming,0.00702014811946836,0.0154170313872562,0.0156280533780352,4.74343627395806e-05,1.68879472817833e-07,0.967522697643432,0.0103803024872769
clip2_bass_guitar,fc250_N1000_hann,250,1000,hann,0.00705203254163569,0.0154855926806841,0.0156936300348592,5.14263511933105e-05,1.69481186838282e-07,0.971582506141529,0.0112509169858772
clip2_bass_guitar,fc250_N1000_rectwin,250,1000,rectwin,0.00667627438669478,0.0146957682305585,0.0149423531324466,2.77901275796584e-05,1.65466650278298e-07,0.925071438018287,0.00609598439711465
clip2_bass_guitar,fc250_N100_blackman,250,100,blackman,0.00669204310979532,0.0142800518267737,0.0147289474472124,0.0026382522276564,5.04597451999035e-07,0.911859629786276,0.575405258033934
clip2_bass_guitar,fc250_N100_hamming,250,100,hamming,0.00651618012557264,0.0136349138335109,0.0140304046079417,0.00205139861856126,1.98189887847935e-07,0.868613293475407,0.44736623677977
clip2_bass_guitar,fc250_N100_hann,250,100,hann,0.00660079855864604,0.0139423479436964,0.0143625557049168,0.00230480082721563,2.37116630505208e-07,0.889176553505109,0.502630978059742
clip2_bass_guitar,fc250_N100_rectwin,250,100,rectwin,0.0060020164050635,0.0118076165024584,0.012065833576286,0.000835985263612231,1.1707132790185e-06,0.746987968920839,0.182548310663115
clip2_bass_guitar,fc250_N2000_blackman,250,2000,blackman,0.00703604903062292,0.0155822209141538,0.0158231448264233,3.05913206859837e-05,1.71306362651347e-07,0.97960068329307,0.0067080806589501
clip2_bass_guitar,fc250_N2000_hamming,250,2000,hamming,0.0070440921428334,0.0156004419816446,0.0158605886581341,2.55751724901066e-05,1.71964218496455e-07,0.98191880674649,0.0056144155708722
clip2_bass_guitar,fc250_N2000_hann,250,2000,hann,0.00703504137670293,0.0155789229851564,0.0158337065530833,2.63822109659286e-05,1.71633665472997e-07,0.980254552973615,0.00579032416257796
clip2_bass_guitar,fc250_N2000_rectwin,250,2000,rectwin,0.00714944881664308,0.0158520055394424,0.016180573367512,2.97556062530415e-05,1.77878366729744e-07,1.00172885357274,0.00652728900339948
clip2_bass_guitar,fc250_N200_blackman,250,200,blackman,0.00601916104773376,0.0118966270429668,0.0121671123623828,0.000998625646666296,1.53899023559439e-07,0.75325807319858,0.217791431140975
clip2_bass_guitar,fc250_N200_hamming,250,200,hamming,0.00572687390708127,0.0109231317952523,0.0111335269866714,0.000614507284021679,1.34515116529473e-07,0.68926946970695,0.134027305062668
clip2_bass_guitar,fc250_N200_hann,250,200,hann,0.00581409302418722,0.0112065059097805,0.0114330106854397,0.00070285694160523,1.39670739780326e-07,0.707810312198555,0.153293738349499
clip2_bass_guitar,fc250_N200_rectwin,250,200,rectwin,0.00504412039133494,0.00877751255212688,0.00887895814495532,0.000126406568387742,1.05644921060146e-07,0.549690567908102,0.0275870431845799
clip2_bass_guitar,fc250_N500_blackman,250,500,blackman,0.00623570028592691,0.0118333702501198,0.0120028142007526,0.000210544619664376,1.34731903852948e-07,0.743086480056871,0.0459402609088593
clip2_bass_guitar,fc250_N500_hamming,250,500,hamming,0.00674651339359211,0.013219581871453,0.0133971068606325,0.000136126303832402,1.47769660732733e-07,0.829406238696003,0.0297156367176784
clip2_bass_guitar,fc250_N500_hann,250,500,hann,0.00673355606286337,0.012989295243943,0.0131637514521796,0.000154918025675712,1.4561651875763e-07,0.814959355975894,0.0338128417319322
clip2_bass_guitar,fc250_N500_rectwin,250,500,rectwin,0.00691634329025206,0.0161108773411951,0.0163260022806805,6.74044302598539e-05,1.96218550337759e-07,1.01073226372117,0.0147410312724331
clip2_bass_guitar,fc250_N50_blackman,250,50,blackman,0.00694348202480744,0.0152269969930886,0.0157605753467373,0.00378503470944812,3.79497519889326e-05,0.97572704719063,0.833777929154043
clip2_bass_guitar,fc250_N50_hamming,250,50,hamming,0.00688929243506523,0.0150202738810779,0.0155346731903883,0.00349253348236474,1.32135092658539e-05,0.961741590497643,0.764526693990195
clip2_bass_guitar,fc250_N50_hann,250,50,hann,0.00691746379193796,0.0151274783131381,0.0156517529188405,0.00363858093425051,2.11664535282222e-05,0.968989920918025,0.79813724723705
clip2_bass_guitar,fc250_N50_rectwin,250,50,rectwin,0.00672793632438296,0.0144101392174525,0.0148693696596203,0.00273422606559414,5.62959435944295e-06,0.920553078322153,0.597446672091201
clip3_dubstep,fc150_N1000_blackman,150,1000,blackman,0.0527933097733468,0.0528915164869182,0.052895528408927,1.63649590037262e-06,5.00981017207592e-07,0.94475855266319,0.0464990691482245
clip3_dubstep,fc150_N1000_hamming,150,1000,hamming,0.0549233347490927,0.0550085079876544,0.0550098095242543,1.70090679493723e-06,5.21045933878771e-07,0.982876248292838,0.0387111190323085
clip3_dubstep,fc150_N1000_hann,150,1000,hann,0.0558185146338101,0.0559082465581508,0.0559098599699033,1.73033653547854e-06,5.294233452176e-07,0.998895870019337,0.0410865671869252
clip3_dubstep,fc150_N1000_rectwin,150,1000,rectwin,0.0459143573016738,0.0459654868196015,0.0459674335495838,1.58926685816662e-06,4.38036363020382e-07,0.821656795851994,0.0227092326824814
clip3_dubstep,fc150_N100_blackman,150,100,blackman,0.0548904656783897,0.05553557732812,0.0560100474332197,0.000160973855683782,6.61291088628232e-07,0.982288042404666,0.624005696492368
clip3_dubstep,fc150_N100_hamming,150,100,hamming,0.0543344789102558,0.0549357375926113,0.0553569227060167,0.000130372597740961,5.31890080529136e-07,0.972338424609965,0.560576251469627
clip3_dubstep,fc150_N100_hann,150,100,hann,0.0546159204172311,0.0552389104673245,0.0556860413989816,0.000144046315190009,5.64281046482336e-07,0.977374939121574,0.591005177991396
clip3_dubstep,fc150_N100_rectwin,150,100,rectwin,0.0526965667098899,0.0531779854373562,0.0534624168369617,6.729797581846e-05,2.14390057666953e-06,0.943027294725316,0.403168378094598
clip3_dubstep,fc150_N2000_blackman,150,2000,blackman,0.0555382254674473,0.0556047082514831,0.0556054146216668,1.72326947015033e-06,5.2751143305929e-07,0.993879977129177,0.0290221521860965
clip3_dubstep,fc150_N2000_hamming,150,2000,hamming,0.0557284417146821,0.0557863548249749,0.0557870599938042,1.73147149079453e-06,5.2986389681356e-07,0.997283977128459,0.0246860903453718
clip3_dubstep,fc150_N2000_hann,150,2000,hann,0.0556168335719217,0.0556767293147674,0.0556774360682689,1.72731701736934e-06,5.28652153586561e-07,0.995286702324654,0.0257107621603194
clip3_dubstep,fc150_N2000_rectwin,150,2000,rectwin,0.05707834416907,0.0571249203520421,0.0571260613062085,1.82833609242228e-06,5.45657770504541e-07,1.02144105109331,0.0187870292747052
clip3_dubstep,fc150_N200_blackman,150,200,blackman,0.0523400328242838,0.0528040056608812,0.053075383203315,6.49838090146543e-05,5.03467833434056e-07,0.936646970415537,0.386368559481947
clip3_dubstep,fc150_N200_hamming,150,200,hamming,0.0506685209286304,0.0510371053156632,0.0512193653765377,3.53202007105529e-05,4.87718382045708e-07,0.906734559807516,0.281110606971041
clip3_dubstep,fc150_N200_hann,150,200,hann,0.0514345067806047,0.0518431298311471,0.0520599010506908,4.53282181261885e-05,4.93919351051871e-07,0.920442199809225,0.322542998883952
clip3_dubstep,fc150_N200_rectwin,150,200,rectwin,0.0458485868354592,0.0460083685223646,0.0460401788308126,2.70121228370671e-06,6.10518732476438e-07,0.820479805609563,0.090475533649372
clip3_dubstep,fc150_N500_blackman,150,500,blackman,0.0454802058080121,0.0456364941132081,0.0456733229379351,3.77894215095629e-06,4.32935103819862e-07,0.813887471698057,0.0919771172368562
clip3_dubstep,fc150_N500_hamming,150,500,hamming,0.0459456927486847,0.0460687894106698,0.0460864353956686,1.84185774664352e-06,4.37019366976005e-07,0.822217556897137,0.0656857582485701
clip3_dubstep,fc150_N500_hann,150,500,hann,0.0447735827995822,0.0448995311669247,0.044920986314075,2.04046481969357e-06,4.25780266611959e-07,0.801242154827627,0.0691685646141078
clip3_dubstep,fc150_N500_rectwin,150,500,rectwin,0.0604249379025867,0.0605237240655293,0.0605274837339878,3.39880137320469e-06,6.04120124034537e-07,1.08132975793141,0.0469288319937155
clip3_dubstep,fc150_N50_blackman,150,50,blackman,0.0556256813959764,0.0563324269831743,0.0568855471631286,0.000234138613964679,3.03882293373471e-05,0.995445037869139,0.744981230817605
clip3_dubstep,fc150_N50_hamming,150,50,hamming,0.0554738957581716,0.0561675363385142,0.0567035416555461,0.000211566560356398,8.91355082614415e-06,0.992728769840044,0.707973341703969
clip3_dubstep,fc150_N50_hann,150,50,hann,0.0555537132983344,0.0562542088162682,0.0567991286440556,0.000222140277721296,1.48059398228327e-05,0.994157138397444,0.724027675684315
clip3_dubstep,fc150_N50_rectwin,150,50,rectwin,0.0550214459326911,0.0556767707182073,0.0561635071914655,0.000166474653273277,8.44313863801361e-06,0.984631989317874,0.641758048807596
clip3_dubstep,fc200_N1000_blackman,200,1000,blackman,0.0556825544552993,0.0560930011024304,0.0561684286485055,3.18659227557819e-06,5.343863587535e-07,0.990878628045676,0.0570204193207011
clip3_dubstep,fc200_N1000_hamming,200,1000,hamming,0.0562180459034652,0.0566907312413313,0.0567553290053781,2.06665665361622e-06,5.41127436880724e-07,1.00143748580574,0.0476921126903827
clip3_dubstep,fc200_N1000_hann,200,1000,hann,0.0555623625921788,0.0560155848956218,0.0560828624879315,2.17997043447213e-06,5.3449988685723e-07,0.989511076599268,0.0498773993846652
clip3_dubstep,fc200_N1000_rectwin,200,1000,rectwin,0.0644723934231163,0.0652127407583543,0.0652566356935817,2.8773349990069e-06,6.27444843351071e-07,1.15197814029845,0.0321971101456133
clip3_dubstep,fc200_N100_blackman,200,100,blackman,0.0549109319105344,0.0555577074147281,0.056034248762885,0.000162341925563642,6.93262974565925e-07,0.981422705480517,0.48624525702986
clip3_dubstep,fc200_N100_hamming,200,100,hamming,0.0543822124718106,0.0549871712503548,0.0554127888237373,0.000132750317981135,5.31355995736605e-07,0.971344227226655,0.424301780929349
clip3_dubstep,fc200_N100_hann,200,100,hann,0.0546451319630348,0.0552704511866658,0.0557204360769674,0.000145700875075692,5.55881179164675e-07,0.976348345906849,0.452957162971189
clip3_dubstep,fc200_N100_rectwin,200,100,rectwin,0.0528108389136439,0.0533001873451206,0.0535932415875139,7.07290747393339e-05,1.84987017828545e-06,0.941543783950299,0.276180481855445
clip3_dubstep,fc200_N2000_blackman,200,2000,blackman,0.0558782251126612,0.0564462638141682,0.0564931697435416,1.78848612958895e-06,5.39871003594882e-07,0.997118987168327,0.0338144715327806
clip3_dubstep,fc200_N2000_hamming,200,2000,hamming,0.0559335808914781,0.0565479847507224,0.0565867387621976,1.7932188162166e-06,5.41396634886581e-07,0.998915879830076,0.0275186951622187
clip3_dubstep,fc200_N2000_hann,200,2000,hann,0.0558841666016934,0.0564920534785233,0.0565328395745034,1.79261311200279e-06,5.4070586122339e-07,0.997927858130892,0.0290989149926352
clip3_dubstep,fc200_N2000_rectwin,200,2000,rectwin,0.0565138673007626,0.0572133879546249,0.0572391254518649,1.99928304074579e-06,5.51188578507647e-07,1.01067017717238,0.0174418198811051
clip3_dubstep,fc200_N200_blackman,200,200,blackman,0.0526327156170541,0.0531152684478783,0.0534055841487972,7.22144611511968e-05,5.06621177523599e-07,0.93827720559653,0.274318079442952
clip3_dubstep,fc200_N200_hamming,200,200,hamming,0.0513188908155298,0.051722796526526,0.0519366413705334,4.50973760420262e-05,4.92952859997424e-07,0.913679294272403,0.195272317025518
clip3_dubstep,fc200_N200_hann,200,200,hann,0.0518538841661864,0.0522873290944472,0.0525279016813683,5.34684388507372e-05,4.98244133916584e-07,0.92365171944836,0.221996639791644
clip3_dubstep,fc200_N200_rectwin,200,200,rectwin,0.0475636916535868,0.0477864549578017,0.0478549097964581,7.14949608345239e-06,4.93668955221343e-07,0.844144117753426,0.0562201224547656
clip3_dubstep,fc200_N500_blackman,200,500,blackman,0.0507180187291399,0.0510215694125286,0.0511287019265855,1.28639349717859e-05,4.84814798729132e-07,0.901292170263878,0.0893918001246568
clip3_dubstep,fc200_N500_hamming,200,500,hamming,0.0535840104389068,0.0539092501567655,0.0540026259693787,8.07879008560294e-06,5.12278238035889e-07,0.952302832518484,0.0750150456284973
clip3_dubstep,fc200_N500_hann,200,500,hann,0.0521300377237628,0.0524403980100251,0.0525355623404496,8.99262420421193e-06,4.98247863423403e-07,0.926355670281501,0.0771873972452488
clip3_dubstep,fc200_N500_rectwin,200,500,rectwin,0.0741939018517989,0.0747433835480066,0.0748184145952571,2.79700282093873e-06,7.15172291455437e-07,1.32033622537503,0.0559594393741411
clip3_dubstep,fc200_N50_blackman,200,50,blackman,0.055626997641726,0.0563338577871635,0.0568871285329877,0.000234369314803609,3.07604994318571e-05,0.995133343190765,0.623876253949717
clip3_dubstep,fc200_N50_hamming,200,50,hamming,0.0554770747556936,0.0561709885008225,0.0567073492091204,0.000211994199661445,9.17872562830325e-06,0.992256269548268,0.576975637455715
clip3_dubstep,fc200_N50_hann,200,50,hann,0.0555555903914778,0.0562562484750666,0.0568013811251488,0.000222433926728875,1.50868365298076e-05,0.993762380554024,0.596324854416727
clip3_dubstep,fc200_N50_rectwin,200,50,rectwin,0.0550289789288389,0.0556849329594676,0.0561724695089729,0.000167011394852491,8.08312803610716e-06,0.98367013511962,0.503955822527845
clip3_dubstep,fc250_N1000_blackman,250,1000,blackman,0.0559121399104334,0.0565852686322362,0.0569125887740453,3.01978331819978e-05,5.39269580739908e-07,0.995111536737185,0.0424677282983505
clip3_dubstep,fc250_N1000_hamming,250,1000,hamming,0.0555444671797498,0.0562565928773874,0.0566309189989468,2.71063812074122e-05,5.3616529770946e-07,0.990186565851333,0.0381922761426807
clip3_dubstep,fc250_N1000_hann,250,1000,hann,0.0560177721878202,0.0567331146567564,0.0570960982746501,2.81149943061695e-05,5.40698104267959e-07,0.998320183981782,0.0395920514139842
clip3_dubstep,fc250_N1000_rectwin,250,1000,rectwin,0.0504298115399544,0.0511100961400998,0.0516231949732308,1.86764736874192e-05,4.9056633764048e-07,0.902626958071577,0.0264823831893446
clip3_dubstep,fc250_N100_blackman,250,100,blackman,0.0549369482503149,0.0555858421539987,0.056065023935988,0.000164106237331965,7.40957771466629e-07,0.980291941167001,0.22775829665767
clip3_dubstep,fc250_N100_hamming,250,100,hamming,0.0544427772612828,0.0550524474540514,0.0554837254452743,0.000135824195845015,5.31886536756325e-07,0.970127988922731,0.188391124757859
clip3_dubstep,fc250_N100_hann,250,100,hann,0.0546823920166692,0.0553106885883292,0.0557643281158899,0.000147846350988533,5.48466888079884e-07,0.975034301581913,0.205023864609981
clip3_dubstep,fc250_N100_rectwin,250,100,rectwin,0.052960980792606,0.0534608394163549,0.053765416635418,7.54361208803005e-05,1.51856811903896e-06,0.940083512697027,0.106322052114196
clip3_dubstep,fc250_N2000_blackman,250,2000,blackman,0.0558807615995671,0.0566089483909991,0.0570674098572775,2.19998206577213e-05,5.39580159481697e-07,0.997818569563723,0.03114176900863
clip3_dubstep,fc250_N2000_hamming,250,2000,hamming,0.0558942996894396,0.056624133232574,0.057122856437439,1.91553470325256e-05,5.39921052023062e-07,0.998788048070672,0.0272123110795807
clip3_dubstep,fc250_N2000_hann,250,2000,hann,0.0558820841271785,0.056611845378558,0.057105074145703,1.9932284421128e-05,5.39709190059876e-07,0.998477126286278,0.0282854356988063
clip3_dubstep,fc250_N2000_rectwin,250,2000,rectwin,0.0560366688403977,0.0567676645288425,0.0573381127641412,1.33003194566007e-05,5.44365068135682e-07,1.002551785737,0.019129149347583
clip3_dubstep,fc250_N200_blackman,250,200,blackman,0.052990612412476,0.0534964443824489,0.0538109704622939,8.17909630704551e-05,5.10511474414814e-07,0.940880017295451,0.113709086641718
clip3_dubstep,fc250_N200_hamming,250,200,hamming,0.0521022140642385,0.0525509947559111,0.0528068255378533,5.90310047778782e-05,5.00892451244463e-07,0.923322632885578,0.0822505776437952
clip3_dubstep,fc250_N200_hann,250,200,hann,0.0523726050816979,0.0528378249266343,0.0531097859829264,6.47688462668178e-05,5.0380671986903e-07,0.928619869236294,0.0901820220974865
clip3_dubstep,fc250_N200_rectwin,250,200,rectwin,0.0499285007304666,0.0502545543373717,0.0503975027338436,2.30002995872094e-05,4.85674738420879e-07,0.881195838627232,0.0324494891950214
clip3_dubstep,fc250_N500_blackman,250,500,blackman,0.0543438161216618,0.0548278756009566,0.0550623748687089,3.77994794661846e-05,5.22013953393727e-07,0.96276071168613,0.052946297151712
clip3_dubstep,fc250_N500_hamming,250,500,hamming,0.0558671235463803,0.0564249668723189,0.056686457219691,3.51015190983324e-05,5.37551911465247e-07,0.991157646685695,0.0492402926665646
clip3_dubstep,fc250_N500_hann,250,500,hann,0.0562436140021928,0.0567838464936539,0.0570360968411634,3.58902118761814e-05,5.406818184212e-07,0.997271064270845,0.0503342847336662
clip3_dubstep,fc250_N500_rectwin,250,500,rectwin,0.0517090173286044,0.0524866098901322,0.0528649176351862,2.84002219489764e-05,5.29371926479387e-07,0.924338368024225,0.0399704933339856
clip3_dubstep,fc250_N50_blackman,250,50,blackman,0.0556286852651077,0.0563356923057921,0.0568891561337315,0.000234665769968259,3.1243185212318e-05,0.994701819112057,0.36751172661488
clip3_dubstep,fc250_N50_hamming,250,50,hamming,0.0554811485929052,0.0561754124740558,0.0567122287969792,0.000212544818273883,9.52767001835897e-06,0.991608260415132,0.306880616846639
clip3_dubstep,fc250_N50_hann,250,50,hann,0.0555579992197923,0.0562588659478739,0.0568042717734012,0.000222811921322112,1.54541943588802e-05,0.993217623645415,0.329279950748614
clip3_dubstep,fc250_N50_rectwin,250,50,rectwin,0.0550387191210897,0.0556954871762821,0.0561840591760115,0.000167714721544913,7.63167820164255e-06,0.982373261717994,0.242260646697834
clip4_funk_bass,fc150_N1000_blackman,150,1000,blackman,0.0125729813731126,0.0127618319412244,0.0127688256737645,5.01317842555249e-07,1.41579779906283e-07,0.775298346851477,0.0344322335067524
clip4_funk_bass,fc150_N1000_hamming,150,1000,hamming,0.0139621458454113,0.0141041802619815,0.0141048146076065,5.51157872474876e-07,1.57008450738503e-07,0.860959566487193,0.0248813317025421
clip4_funk_bass,fc150_N1000_hann,150,1000,hann,0.0138279108164405,0.0139838366632159,0.0139846751710717,5.49372961889798e-07,1.55621122720301e-07,0.852682118763204,0.0274049152245491
clip4_funk_bass,fc150_N1000_rectwin,150,1000,rectwin,0.01556031110316,0.0156130577600116,0.0156145675546527,8.83789781654969e-07,1.74457889551614e-07,0.959508577700855,0.00916012173885124
clip4_funk_bass,fc150_N100_blackman,150,100,blackman,0.0155996866136613,0.017418090105937,0.0196020502287841,0.00049840333678632,1.99992195225926e-07,0.961936622990363,0.809429159855431
clip4_funk_bass,fc150_N100_hamming,150,100,hamming,0.0152586393615043,0.016942915352738,0.0188737500079246,0.000388042208121982,1.91238118792613e-07,0.940906338847811,0.719643641918682
clip4_funk_bass,fc150_N100_hann,150,100,hann,0.0154304620788295,0.0171810816880247,0.0192350727863431,0.000438814188644588,1.9541829004327e-07,0.951501587877501,0.762992550170058
clip4_funk_bass,fc150_N100_rectwin,150,100,rectwin,0.014270517818267,0.0155906814032549,0.0168737840050417,0.0001572883554149,2.12368242096317e-07,0.879974967343637,0.495522498584543
clip4_funk_bass,fc150_N2000_blackman,150,2000,blackman,0.0152753743834856,0.0153549623996109,0.0153552546030216,6.03343873672049e-07,1.71205716060386e-07,0.941938284612429,0.0135799929654639
clip4_funk_bass,fc150_N2000_hamming,150,2000,hamming,0.0156328157878315,0.0156877265413733,0.0156880253124579,6.1668325289382e-07,1.74418731738317e-07,0.963979495178309,0.00912858304937005
clip4_funk_bass,fc150_N2000_hann,150,2000,hann,0.0155928472823398,0.0156533668238976,0.0156536719389696,6.16002080580851e-07,1.74366171916595e-07,0.961514883538932,0.0101465972244426
clip4_funk_bass,fc150_N2000_rectwin,150,2000,rectwin,0.0161567416345077,0.0161835212668683,0.0161868474975316,7.03357045592701e-07,1.75709294714262e-07,0.996286776223798,0.0045113661701493
clip4_funk_bass,fc150_N200_blackman,150,200,blackman,0.0140724477524769,0.015341763821389,0.0165647699634157,0.000159309590117718,1.68715723473135e-07,0.867761205944435,0.475935333193746
clip4_funk_bass,fc150_N200_hamming,150,200,hamming,0.0131188626473102,0.0141048267160673,0.0149107928817556,7.1654625023254e-05,1.53483251592851e-07,0.80895948392813,0.333985427531139
clip4_funk_bass,fc150_N200_hann,150,200,hann,0.0135477725262155,0.0146516251487151,0.0156181496759652,9.78799956560547e-05,1.59897701198911e-07,0.83540771527401,0.388831476888696
clip4_funk_bass,fc150_N200_rectwin,150,200,rectwin,0.0105241139100354,0.0109074126831377,0.0110242038022818,7.05072046072309e-06,1.22444157695498e-07,0.648957305701239,0.0901637998005679
clip4_funk_bass,fc150_N500_blackman,150,500,blackman,0.0103511751127389,0.0107287334644831,0.0108721108148811,3.63682667736765e-06,1.17437766346272e-07,0.638293234891656,0.0933800093088383
clip4_funk_bass,fc150_N500_hamming,150,500,hamming,0.0103179080392244,0.0105975056197536,0.0106569076857007,9.61645825596824e-07,1.1669536195702e-07,0.636241859300223,0.0602574945757448
clip4_funk_bass,fc150_N500_hann,150,500,hann,0.00994650981009526,0.0102390155264659,0.0103152216536555,1.26703314890507e-06,1.12747912714721e-07,0.613340017284997,0.0656737732159579
clip4_funk_bass,fc150_N500_rectwin,150,500,rectwin,0.015062544815777,0.0152284968859226,0.0152461537607227,4.48302085227469e-06,1.7048505929358e-07,0.928814395607196,0.0328801819178446
clip4_funk_bass,fc150_N50_blackman,150,50,blackman,0.0160569136403407,0.0180648115396228,0.0206231631305244,0.000688459588925972,8.1591816712479e-07,0.990130998484978,0.9456036237396
clip4_funk_bass,fc150_N50_hamming,150,50,hamming,0.0159618832223878,0.0179293904734117,0.0204061977935912,0.000644017888282643,3.40635628968856e-07,0.984271057731627,0.915489340275294
clip4_funk_bass,fc150_N50_hann,150,50,hann,0.0160117958079619,0.0180004211160555,0.0205196951307326,0.000666845426284182,4.49710807897612e-07,0.987348859561937,0.931104982815124
clip4_funk_bass,fc150_N50_rectwin,150,50,rectwin,0.0156798453991647,0.0175294521035175,0.0197716559226678,0.000522450661261067,3.82293459942146e-07,0.966879521738255,0.829938513314383
clip4_funk_bass,fc200_N1000_blackman,200,1000,blackman,0.0158169616917798,0.0168302661381081,0.0170909637407785,2.54095000704867e-06,1.74224198875814e-07,0.919988554379801,0.0748143091551984
clip4_funk_bass,fc200_N1000_hamming,200,1000,hamming,0.0162279002618661,0.0173874791797823,0.0175765324669312,1.08113770349849e-06,1.77357387085243e-07,0.950447349058677,0.0537945935522291
clip4_funk_bass,fc200_N1000_hann,200,1000,hann,0.0161807076809958,0.0172916115746269,0.0174997850138224,1.26858891690169e-06,1.76991252084603e-07,0.945206962557651,0.0593417959950493
clip4_funk_bass,fc200_N1000_rectwin,200,1000,rectwin,0.0168483345301703,0.0186782085057198,0.0187157368992097,1.86503683435705e-06,1.83774962685502e-07,1.02100215769454,0.0105513405190165
clip4_funk_bass,fc200_N100_blackman,200,100,blackman,0.0156123268947444,0.0174358325878524,0.0196296423123038,0.000503024097734564,2.00660023972689e-07,0.953090479097421,0.774802338322902
clip4_funk_bass,fc200_N100_hamming,200,100,hamming,0.0152878060162977,0.0169833819485581,0.018935259184617,0.000396817334130625,1.91830878766547e-07,0.92835828495641,0.674650550571496
clip4_funk_bass,fc200_N100_hann,200,100,hann,0.0154484253087317,0.0172061753972257,0.0192737290815957,0.000444864808315342,1.95682543993887e-07,0.940536786537021,0.721749181410482
clip4_funk_bass,fc200_N100_rectwin,200,100,rectwin,0.0143386797980512,0.0156828174997797,0.0170066630396045,0.000169354324012197,2.06584138258637e-07,0.857265861503866,0.428576884540637
clip4_funk_bass,fc200_N2000_blackman,200,2000,blackman,0.0162137897427506,0.017648698374248,0.0177245806675944,6.67231549778226e-07,1.76615394599235e-07,0.964726307401978,0.0212107487622288
clip4_funk_bass,fc200_N2000_hamming,200,2000,hamming,0.0162340369099332,0.0178351470767239,0.0178690512986321,6.64853551377862e-07,1.77009715067269e-07,0.974918105371735,0.0091524414369632
clip4_funk_bass,fc200_N2000_hann,200,2000,hann,0.0162215613141167,0.0177875990882058,0.0178297322518166,6.66982073074738e-07,1.76902674647636e-07,0.972319001776964,0.0115239192989065
clip4_funk_bass,fc200_N2000_rectwin,200,2000,rectwin,0.0163810615214913,0.0184364924226619,0.018466455157339,9.78625837087981e-07,1.79648862399787e-07,1.00778929296631,0.0079280676830052
clip4_funk_bass,fc200_N200_blackman,200,200,blackman,0.0142434400042639,0.0155684985521109,0.0168806361478893,0.000182847873175715,1.71695121135989e-07,0.851016873963147,0.429106113905387
clip4_funk_bass,fc200_N200_hamming,200,200,hamming,0.0134859479614037,0.0145763235228361,0.0155296361287024,9.88844026339744e-05,1.59111682800366e-07,0.7967818628597,0.301805614316076
clip4_funk_bass,fc200_N200_hann,200,200,hann,0.0137890798553521,0.01496690508095,0.0160450167311134,0.000122344142127207,1.63844578412923e-07,0.818132123162652,0.344416159838794
clip4_funk_bass,fc200_N200_rectwin,200,200,rectwin,0.0114192842951955,0.0119806377509708,0.0122614513189985,7.92762847478861e-06,1.30590444288115e-07,0.654894552148937,0.0825210506313907
clip4_funk_bass,fc200_N500_blackman,200,500,blackman,0.0129340899640888,0.0137157904533294,0.0141657007158833,1.73673944831229e-05,1.4720480018456e-07,0.749742762698418,0.133661623689502
clip4_funk_bass,fc200_N500_hamming,200,500,hamming,0.0141407987712532,0.0149627006376214,0.0153382445363509,9.07439525583278e-06,1.58867745374983e-07,0.817902296747072,0.109828449914461
clip4_funk_bass,fc200_N500_hann,200,500,hann,0.0135176687900205,0.0143067768438248,0.0146951200508576,1.04064907141289e-05,1.52539972217109e-07,0.782047701348134,0.113922032709625
clip4_funk_bass,fc200_N500_rectwin,200,500,rectwin,0.0234823567689535,0.0247894788698909,0.0250217074516222,2.50375277434399e-06,2.54226836490513e-07,1.35506097421126,0.0665041045569192
clip4_funk_bass,fc200_N50_blackman,200,50,blackman,0.0160577392200372,0.0180659904329388,0.0206250595696997,0.000688858714423242,8.2512048945516e-07,0.98753663699979,0.933519866838581
clip4_funk_bass,fc200_N50_hamming,200,50,hamming,0.0159638713924689,0.0179322202226411,0.0204107205710927,0.000644929295965983,3.45810929823059e-07,0.980224390040592,0.89756681385715
clip4_funk_bass,fc200_N50_hann,200,50,hann,0.0160129718479058,0.0180020983242255,0.0205223864289428,0.000667402307958959,4.55707451765664e-07,0.984044118922587,0.916084923617608
clip4_funk_bass,fc200_N50_rectwin,200,50,rectwin,0.0156845267737768,0.0175360674523826,0.0197820793233144,0.000524350505414276,3.75347883271965e-07,0.958569591986127,0.796004303612609
clip4_funk_bass,fc250_N1000_blackman,250,1000,blackman,0.0162122919272006,0.0180807428021696,0.0195022239728177,3.7897314660561e-05,1.91778454407674e-07,0.92894693670512,0.0488335272181744
clip4_funk_bass,fc250_N1000_hamming,250,1000,hamming,0.0161801226919042,0.018194085287623,0.0198307233518834,3.32582780039569e-05,1.93915112760785e-07,0.944594305554845,0.0428886736361821
clip4_funk_bass,fc250_N1000_hann,250,1000,hann,0.0162166525850569,0.0182300427499078,0.0198087836923423,3.45941547906464e-05,1.93750729583719e-07,0.943549256561894,0.0446011580503605
clip4_funk_bass,fc250_N1000_rectwin,250,1000,rectwin,0.0157878698390703,0.017816461484664,0.0201694270291792,2.41916982464373e-05,1.9672441746654e-07,0.960727734435225,0.0312682396105428
clip4_funk_bass,fc250_N100_blackman,250,100,blackman,0.0156284007126592,0.0174584033403134,0.0196647700702259,0.000508938448083408,2.01604698289818e-07,0.936689474144502,0.652756844713964
clip4_funk_bass,fc250_N100_hamming,250,100,hamming,0.0153248422960061,0.0170348111468483,0.0190135640975759,0.000408127777521573,1.92606189692469e-07,0.90567066345396,0.523498293217238
clip4_funk_bass,fc250_N100_hann,250,100,hann,0.0154713489326819,0.0172382155102538,0.019323138095093,0.000452657455766383,1.96061006235354e-07,0.920416562028295,0.58059317445296
clip4_funk_bass,fc250_N100_rectwin,250,100,rectwin,0.0144284029977101,0.0158043429114045,0.0171826575968243,0.000186039041701682,2.00242423402702e-07,0.818459328601215,0.238773339916375
clip4_funk_bass,fc250_N2000_blackman,250,2000,blackman,0.0162167921267668,0.0182920407402471,0.0204090426596915,2.73713627522945e-05,1.99306478457554e-07,0.972141315074095,0.0353481262308769
clip4_funk_bass,fc250_N2000_hamming,250,2000,hamming,0.0162240978323923,0.0183039179123804,0.0207071502531457,2.48463485145092e-05,2.02345744065186e-07,0.986341035892283,0.0321147704648053
clip4_funk_bass,fc250_N2000_hann,250,2000,hann,0.0162167797370943,0.0182937408890364,0.020640987099055,2.54551940029727e-05,2.01668556342124e-07,0.983189494847478,0.0328944867817675
clip4_funk_bass,fc250_N2000_rectwin,250,2000,rectwin,0.0163091902616041,0.0184226506487592,0.0215246597775168,2.03018731687166e-05,2.10763775016705e-07,1.02528136236224,0.0262992217407288
clip4_funk_bass,fc250_N200_blackman,250,200,blackman,0.0144536648773364,0.0158487205869847,0.0172749410069351,0.000214726871138211,1.75441867134137e-07,0.822855052455615,0.2755215312382
clip4_funk_bass,fc250_N200_hamming,250,200,hamming,0.0139332947825826,0.0151570088410905,0.0163068259900534,0.000139895132750211,1.66288751362896e-07,0.776740953850041,0.179569777742156
clip4_funk_bass,fc250_N200_hann,250,200,hann,0.0140897943655337,0.0153626247836548,0.0165881790302147,0.000157660986132894,1.68916231912124e-07,0.790142607177106,0.202350331724666
clip4_funk_bass,fc250_N200_rectwin,250,200,rectwin,0.0126952450627685,0.0135548952905,0.0141769995470521,3.76000480594702e-05,1.4697883565038e-07,0.675291203672969,0.0483948748928235
clip4_funk_bass,fc250_N500_blackman,250,500,blackman,0.0149931499038968,0.016297879633664,0.017329181916559,6.29032825825909e-05,1.75166337239905e-07,0.825438702756701,0.0808717509307135
clip4_funk_bass,fc250_N500_hamming,250,500,hamming,0.0159198083746365,0.0174300455263435,0.0185712580125876,5.02879310920574e-05,1.85713365812516e-07,0.884602354357083,0.0647114523341907
clip4_funk_bass,fc250_N500_hann,250,500,hann,0.015970312074128,0.0174268094147255,0.0185288262414343,5.34052015717406e-05,1.85904179545648e-07,0.882581207236284,0.0687082756979768
clip4_funk_bass,fc250_N500_rectwin,250,500,rectwin,0.015374453278573,0.0175616085487499,0.019194256855639,3.8991088929545e-05,1.85759677858054e-07,0.914277578456142,0.0502281011223896
clip4_funk_bass,fc250_N50_blackman,250,50,blackman,0.0160587977600184,0.0180675020221162,0.02062749132542,0.000689370675454843,8.37073668396705e-07,0.982546652390424,0.884900523765316
clip4_funk_bass,fc250_N50_hamming,250,50,hamming,0.0159664193330679,0.0179358468995612,0.0204165177396157,0.00064609842316208,3.52669390756626e-07,0.972497374598737,0.828800585445413
clip4_funk_bass,fc250_N50_hann,250,50,hann,0.0160144810772326,0.0180042507838787,0.0205258405642752,0.000668117364679809,4.63595726386169e-07,0.977704734703968,0.857172986943305
clip4_funk_bass,fc250_N50_rectwin,250,50,rectwin,0.0156905804850372,0.0175446231619064,0.0197955634537548,0.000526812800619402,3.66583293539283e-07,0.942919538630472,0.675884623669045
